Name,Address,Location,MinPrice,MaxPrice,Cuisine,Longitude,Latitude,PhoneNumber,Award
Asia,"Piazza G. Motta 25, Ascona, 6612, Switzerland",Ascona,64,133,Asian,8.76857,46.15411,4.19E+10,Bib Gourmand
Zum Kaiser Franz im RÃ¶ssl,"Vorstadt 8, Zug, 6300, Switzerland",Zug,50,103,Austrian,8.514791,47.16858,4.14E+10,Bib Gourmand
TsÃ© Fung,"Route de Lausanne 301, Bellevue, 1293, Switzerland",Bellevue,78,188,Chinese,6.149451,46.25041,4.12E+10,1 MICHELIN Star
Golden Dragon,"Talstrasse 3, Davos Platz, 7270, Switzerland",Davos Platz,51,72,Chinese,9.820257,46.79142,4.18E+10,Bib Gourmand
Sternen - Badstube,"SennhÃ¼ttestrasse 1, Wangen bei DÃ¼bendorf, 8602, Switzerland",Wangen bei DÃ¼bendorf,52,142,Classic Cuisine,8.645456,47.41101,4.14E+10,1 MICHELIN Star
L'Ermitage,"Route du Village 26, Vufflens-le-ChÃ¢teau, 1134, Switzerland",Vufflens-le-ChÃ¢teau,85,285,Classic Cuisine,6.469443,46.52773,4.12E+10,1 MICHELIN Star
SchlÃ¼ssel - Nidbergstube,"Oberdorfstrasse 5, Mels, 8887, Switzerland",Mels,75,190,Classic Cuisine,9.4186,47.04635,4.18E+10,1 MICHELIN Star
Sihlhalde,"Sihlhaldenstrasse 70, Gattikon, 8136, Switzerland",Gattikon,68,156,Classic Cuisine,8.547602,47.29163,4.14E+10,1 MICHELIN Star
Gasthaus zum Kreuz,"Stellistrasse 3, Dallenwil, 6383, Switzerland",Dallenwil,62,148,Classic Cuisine,8.390924,46.93186,4.14E+10,1 MICHELIN Star
Le Murenberg,"Krummackerstrasse 4, Bubendorf, 4416, Switzerland",Bubendorf,50,125,Classic Cuisine,7.738697,47.45452,4.16E+10,1 MICHELIN Star
Rathauskeller Bistro,"Ober-Altstadt 1, Zug, 6300, Switzerland",Zug,37,118,Classic Cuisine,8.515004,47.16606,4.14E+10,Bib Gourmand
Zollhaus,"Bahnhofstrasse 4, Olten, 4600, Switzerland",Olten,65,109,Classic Cuisine,7.906209,47.34896,4.16E+10,Bib Gourmand
Hirschen,"Morgartenstrasse 1, OberÃ¤geri, 6315, Switzerland",OberÃ¤geri,37,125,Classic Cuisine,8.614732,47.13438,4.14E+10,Bib Gourmand
Wirtshus zum Wyberg Gourmet-StÃ¼bli,"Oberteufenerstrasse 1, Freienstein-Teufen, 8428, Switzerland",Freienstein-Teufen,99,125,Classic Cuisine,8.565588,47.55149,4.14E+10,Bib Gourmand
Hirschen,"Hauptstrasse 125, Erlinsbach, 5015, Switzerland",Erlinsbach,54,136,Classic Cuisine,8.007028,47.40644,4.16E+10,Bib Gourmand
La Pinte Communale,"Place du MarchÃ© 4, Aigle, 1860, Switzerland",Aigle,50,139,Classic Cuisine,6.96951,46.31797,4.12E+10,Bib Gourmand
RÃ¶ssli,"Dorfstrasse 1, Adligenswil, 6043, Switzerland",Adligenswil,52,98,Classic Cuisine,8.364088,47.0712,4.14E+10,Bib Gourmand
Gasthaus Zur Fernsicht - Incantare,"Seeallee 10, Heiden, 9410, Switzerland",Heiden,250,250,Classic Cuisine,9.531982,47.44609,4.17E+10,2 MICHELIN Stars
La Table d'Adrien,"Chemin des Creux, Verbier, 1936, Switzerland",Verbier,145,205,Contemporary,7.224699,46.10354,4.13E+10,1 MICHELIN Star
Zum Ã„usseren Stand,"Zeughausgasse 17, Berne, 3011, Switzerland",Berne,95,145,Contemporary,7.445899,46.9488,4.13E+10,1 MICHELIN Star
SALZHAUS,"Landhausquai 15a, Solothurn, 4500, Switzerland",Solothurn,35,96,Contemporary,7.536744,47.20634,4.13E+10,Bib Gourmand
Neue Blumenau,"Romanshornerstrasse 2, LÃ¶mmenschwil, 9308, Switzerland",LÃ¶mmenschwil,60,175,Country cooking,9.353014,47.49417,4.17E+10,1 MICHELIN Star
Truube,"Rotenwies 9, Gais, 9056, Switzerland",Gais,110,145,Country cooking,9.460683,47.36616,4.17E+10,1 MICHELIN Star
Dal Mulin,"Plazza dal Mulin 4, Saint Moritz, 7500, Switzerland",Saint Moritz,104,104,Country cooking,9.839582,46.49897,4.18E+10,Bib Gourmand
StÃ¼va,"Via Maistra 3, Saint Moritz, 7512, Switzerland",Saint Moritz,119,119,Country cooking,9.810925,46.47777,4.18E+10,Bib Gourmand
16 Art Bar,"MittelgÃ¤ssli 16, Saanen, 3792, Switzerland",Saanen,95,95,Country cooking,7.25933,46.48957,4.13E+10,Bib Gourmand
Kaiserstock,"DÃ¶rfli 2, Riemenstalden, 6452, Switzerland",Riemenstalden,75,105,Country cooking,8.665092,46.94659,4.14E+10,Bib Gourmand
Adler,"Kappelmatt 1, Ried-Muotathal, 6436, Switzerland",Ried-Muotathal,79,87,Country cooking,8.71306,46.98687,4.14E+10,Bib Gourmand
Hirschen,"Steigstrasse 4, Oberstammheim, 8477, Switzerland",Oberstammheim,52,109,Country cooking,8.801225,47.63194,4.15E+10,Bib Gourmand
SchlÃ¼sselstube,"Oberdorfstrasse 5, Mels, 8887, Switzerland",Mels,30,90,Country cooking,9.418613,47.04637,4.18E+10,Bib Gourmand
BÃ¤ren,"Hauptstrasse 24, MÃ¤genwil, 5506, Switzerland",MÃ¤genwil,35,120,Country cooking,8.230056,47.41152,4.16E+10,Bib Gourmand
Aux Trois Amis,"Untergasse 17, Ligerz, 2514, Switzerland",Ligerz,94,124,Country cooking,7.13982,47.09001,4.13E+10,Bib Gourmand
Das Elephant,"Via Murschetg 15, Laax, 7032, Switzerland",Laax,98,98,Country cooking,9.26324,46.82011,4.18E+10,Bib Gourmand
Gasthaus Krone,"Via CumÃ¼nela 2, La Punt-Chamues-ch, 7522, Switzerland",La Punt-Chamues-ch,65,120,Country cooking,9.926207,46.57857,4.18E+10,Bib Gourmand
Rias,"Gerbegasse 6, Kloten, 8302, Switzerland",Kloten,42,120,Country cooking,8.581468,47.45205,4.14E+10,Bib Gourmand
HÃ¶hwald,"Monbielerstrasse 171, Klosters, 7250, Switzerland",Klosters,49,115,Country cooking,9.917761,46.86152,4.18E+10,Bib Gourmand
Casa Casutt - Ustria,"Glennerstrasse 18, Ilanz, 7130, Switzerland",Ilanz,85,112,Country cooking,9.207325,46.77423,4.18E+10,Bib Gourmand
SchÃ¶nbÃ¼hl,"Dorfstrasse 47, Hilterfingen, 3652, Switzerland",Hilterfingen,27,80,Country cooking,7.657364,46.73802,4.13E+10,Bib Gourmand
Buech,"Forchstrasse 267, Herrliberg, 8704, Switzerland",Herrliberg,117,117,Country cooking,8.629817,47.28871,4.14E+10,Bib Gourmand
Seebistro BelvÃ©dÃ¨re,"Seestrasse 18a, Hergiswil, 6052, Switzerland",Hergiswil,55,103,Country cooking,8.31175,46.98334,4.14E+10,Bib Gourmand
Gasthaus Zur Fernsicht - Swiss Alpine,"Seeallee 10, Heiden, 9410, Switzerland",Heiden,39,108,Country cooking,9.53197,47.44609,4.17E+10,Bib Gourmand
BÃ¤ren,"Halten 112, Grub, 9035, Switzerland",Grub,32,92,Country cooking,9.497596,47.4429,4.17E+10,Bib Gourmand
Linde,"Niederrohrdorferstrasse 1, Fislisbach, 5442, Switzerland",Fislisbach,70,89,Country cooking,8.291391,47.43537,4.16E+10,Bib Gourmand
Casa Caminada,"Obergass, FÃ¼rstenau, 7414, Switzerland",FÃ¼rstenau,86,97,Country cooking,9.445668,46.72104,4.18E+10,Bib Gourmand
Moosegg,"Moosegg 231A, Emmenmatt, 3436, Switzerland",Emmenmatt,50,142,Country cooking,7.711754,46.94627,4.13E+10,Bib Gourmand
Gasthof Hirschen,"Untergass 28, Eglisau, 8193, Switzerland",Eglisau,42,93,Country cooking,8.525481,47.57513,4.14E+10,Bib Gourmand
BauernschÃ¤nke,"Rindermarkt 24, Zurich, 8001, Switzerland",Zurich,116,120,Country cooking,8.545091,47.37245,4.14E+10,Bib Gourmand
Alpenblick - Bistro,"Oberdorfstrasse 3, Wilderswil, 3812, Switzerland",Wilderswil,88,88,Country cooking,7.860136,46.66389,4.13E+10,Bib Gourmand
Sonne - Bistro,"Scheunenberg 70, Wengi bei BÃ¼ren, 3251, Switzerland",Wengi bei BÃ¼ren,69,75,Country cooking,7.375638,47.08851,4.13E+10,Bib Gourmand
Maison Manesse,"Hopfenstrasse 2, Zurich, 8045, Switzerland",Zurich,46,160,Creative,8.521285,47.3651,4.14E+10,1 MICHELIN Star
After Seven,"Hofmattstrasse 4, Zermatt, 3929, Switzerland",Zermatt,159,199,Creative,7.747862,46.02196,4.13E+10,1 MICHELIN Star
Alpine Gourmet Prato Borni,"Bahnhofstrasse 55, Zermatt, 3920, Switzerland",Zermatt,110,170,Creative,7.746278,46.01982,4.13E+10,1 MICHELIN Star
Alpenblick,"Oberdorfstrasse 3, Wilderswil, 3812, Switzerland",Wilderswil,135,195,Creative,7.860119,46.66389,4.13E+10,1 MICHELIN Star
Denis Martin,"Rue du ChÃ¢teau 2, Vevey, 1800, Switzerland",Vevey,280,360,Creative,6.8486,46.45839,4.12E+10,1 MICHELIN Star
Damien Germanier,"Rue du Scex 33, Sion, 1950, Switzerland",Sion,82,220,Creative,7.365789,46.23241,4.13E+10,1 MICHELIN Star
Regina Montium,"StaffelhÃ¶henweg 61, Rigi Kaltbad, 6356, Switzerland",Rigi Kaltbad,125,165,Creative,8.464154,47.04837,4.14E+10,1 MICHELIN Star
RÃ¶ssli - JÃ¤gerstÃ¼bli,"Hauptstrasse 111, Escholzmatt, 6182, Switzerland",Escholzmatt,195,195,Creative,7.933997,46.91362,4.14E+10,1 MICHELIN Star
Steinhalle,"Helvetiaplatz 5, Berne, 3000, Switzerland",Berne,97,147,Creative,7.448771,46.94299,4.13E+10,1 MICHELIN Star
focus ATELIER,"Seestrasse 18, Vitznau, 6354, Switzerland",Vitznau,225,265,Creative,8.478359,47.01491,4.14E+10,2 MICHELIN Stars
Ecco St. Moritz,"Via Maistra 3, Saint Moritz, 7512, Switzerland",Saint Moritz,225,300,Creative,9.810913,46.47765,4.18E+10,2 MICHELIN Stars
IGNIV by Andreas Caminada,"Via Serlas 27, Saint Moritz, 7500, Switzerland",Saint Moritz,220,280,Creative,9.841281,46.4977,4.18E+10,2 MICHELIN Stars
Anne-Sophie Pic,"Place du Port 17, Lausanne, 1006, Switzerland",Lausanne,270,395,Creative,6.629775,46.50809,4.12E+10,2 MICHELIN Stars
IGNIV by Andreas Caminada,"Bernhard-Simon-Strasse 2, Bad Ragaz, 7310, Switzerland",Bad Ragaz,158,248,Creative,9.502299,47.0004,4.18E+10,2 MICHELIN Stars
Ecco,"via del Segnale 10, Ascona, 6612, Switzerland",Ascona,185,240,Creative,8.790561,46.15042,4.19E+10,2 MICHELIN Stars
Casa TÃ¶di,"Via Principala 78, Trun, 7166, Switzerland",Trun,84,125,Creative,8.985116,46.74251,4.18E+10,Bib Gourmand
Segreto,"Abacus Platz 1, Wittenbach, 9301, Switzerland",Wittenbach,110,150,Creative,9.396415,47.45077,4.17E+10,1 MICHELIN Star
Vivanda,"Crusch Plantaun 217, Brail, 7527, Switzerland",Brail,200,250,Creative,10.03369,46.65397,4.18E+10,1 MICHELIN Star
Schloss Schauenstein,"Schlossgass 77, FÃ¼rstenau, 7414, Switzerland",FÃ¼rstenau,216,330,Creative,9.446161,46.72123,4.18E+10,3 MICHELIN Stars
7132 Silver,"Poststrasse 560, Vals, 7132, Switzerland",Vals,275,275,Creative,9.181299,46.62261,4.16E+10,2 MICHELIN Stars
Memories,"Bernhard-Simon-Strasse 2, Bad Ragaz, 7310, Switzerland",Bad Ragaz,229,329,Creative,9.503774,47.00029,4.18E+10,2 MICHELIN Stars
The Restaurant,"Kurhausstrasse 65, Zurich, 8000, Switzerland",Zurich,112,298,Creative,8.573153,47.37267,4.14E+10,2 MICHELIN Stars
Einstein Gourmet,"Berneggstrasse 2, Sankt Gallen, 9000, Switzerland",Sankt Gallen,165,215,Creative,9.375461,47.42153,4.17E+10,2 MICHELIN Stars
Stucki - Tanja Grandits,"Bruderholzallee 42, Basel, 4059, Switzerland",Basel,88,240,Creative,7.586911,47.53369,4.16E+10,2 MICHELIN Stars
Aroleid Restaurant,"Furi 151, Zermatt, 3920, Switzerland",Zermatt,20,71,Creative,7.730294,46.00154,4.18E+10,Bib Gourmand
Sonne,"Scheunenberg 70, Wengi bei BÃ¼ren, 3251, Switzerland",Wengi bei BÃ¼ren,75,174,French,7.375666,47.08863,4.13E+10,1 MICHELIN Star
Les Saisons,"Rue d'Italie 1, Vevey, 1800, Switzerland",Vevey,79,175,French,6.852204,46.45775,4.12E+10,1 MICHELIN Star
Les Ateliers,"Rue des Deux-Gares 6A, Vevey, 1800, Switzerland",Vevey,76,178,French,6.842394,46.46409,4.12E+10,1 MICHELIN Star
La ChaumiÃ¨re by Serge Labrosse,"Chemin de la Fondelle 16, Troinex, 1256, Switzerland",Troinex,44,165,French,6.147637,46.1624,4.18E+10,1 MICHELIN Star
Traube,"Baslerstrasse 211, Trimbach, 4632, Switzerland",Trimbach,68,180,French,7.895358,47.36307,4.16E+10,1 MICHELIN Star
Panorama - Cayenne,"Hartlisbergstrasse 39, Steffisburg, 3612, Switzerland",Steffisburg,118,133,French,7.620846,46.78721,4.13E+10,1 MICHELIN Star
Du Cerf,"Rue du CollÃ¨ge 4, Sonceboz, 2605, Switzerland",Sonceboz,85,185,French,7.178461,47.19621,4.13E+10,1 MICHELIN Star
the K by mauro colagreco,"Via Veglia 18, Saint Moritz, 7500, Switzerland",Saint Moritz,218,450,French,9.841779,46.49962,4.18E+10,1 MICHELIN Star
Attisholz - le feu,"Attisholzstrasse 3, Riedholz, 4533, Switzerland",Riedholz,75,145,French,7.575171,47.22833,4.13E+10,1 MICHELIN Star
Gasthaus Zum Gupf,"Gupf 21, Rehetobel, 9038, Switzerland",Rehetobel,118,164,French,9.491707,47.43038,4.17E+10,1 MICHELIN Star
Die Rose,"Dorfstrasse 42, RÃ¼schlikon, 8803, Switzerland",RÃ¼schlikon,110,190,French,8.55537,47.30893,4.14E+10,1 MICHELIN Star
CafÃ© Berra,"Place de l'Ã‰cole 1, Monthey, 1871, Switzerland",Monthey,88,190,French,6.951316,46.23926,4.12E+10,1 MICHELIN Star
La Riva,"Voa Davos Lai 27, Lenzerheide, 7078, Switzerland",Lenzerheide,46,210,French,9.546549,46.73567,4.18E+10,1 MICHELIN Star
Le Berceau des Sens,"Route de Cojonnex 18, Lausanne, 1000, Switzerland",Lausanne,50,125,French,6.682836,46.56084,4.12E+10,1 MICHELIN Star
La Table du Lausanne Palace,"Rue du Grand ChÃªne 7, Lausanne, 1002, Switzerland",Lausanne,78,198,French,6.631445,46.51958,4.12E+10,1 MICHELIN Star
Bayview by Michel Roth,"Quai Wilson 47, Geneva, 1201, Switzerland",Geneva,76,263,French,6.151669,46.21419,4.12E+10,1 MICHELIN Star
L'ApartÃ©,"Rue de Lausanne 41, Geneva, 1201, Switzerland",Geneva,59,138,French,6.145477,46.21335,4.12E+10,1 MICHELIN Star
Le Chat-BottÃ©,"Quai du Mont-Blanc 13, Geneva, 1201, Switzerland",Geneva,75,220,French,6.149901,46.20912,4.12E+10,1 MICHELIN Star
Le PÃ©rolles,"Boulevard de PÃ©rolles 1, Fribourg, 1700, Switzerland",Fribourg,78,188,French,7.151441,46.80194,4.13E+10,1 MICHELIN Star
Mammertsberg,"Bahnhofstrasse 28, Freidorf, 9306, Switzerland",Freidorf,140,180,French,9.391981,47.48608,4.17E+10,1 MICHELIN Star
Wirtshaus Zur SÃ¤ge,"Steinrain 5, FlÃ¼h, 4112, Switzerland",FlÃ¼h,120,120,French,7.498039,47.4883,4.16E+10,1 MICHELIN Star
Le MontBlanc,"Chemin du Mont-Blanc 1, Crans-Montana, 3963, Switzerland",Crans-Montana,55,189,French,7.463189,46.31531,4.13E+10,1 MICHELIN Star
Table de Mary,"Route du Gymnase 2, Cheseaux-NorÃ©az, 1400, Switzerland",Cheseaux-NorÃ©az,69,135,French,6.667723,46.7805,4.12E+10,1 MICHELIN Star
L'Etoile - Nova,"Rue du Centre 21, Charmey, 1637, Switzerland",Charmey,79,189,French,7.16388,46.61935,4.13E+10,1 MICHELIN Star
Le 42,"Route de Chavalet 3, ChampÃ©ry, 1874, Switzerland",ChampÃ©ry,115,140,French,6.874823,46.18197,4.18E+10,1 MICHELIN Star
Bel Etage,"Leonhardsgraben 49, Basel, 4051, Switzerland",Basel,77,175,French,7.58646,47.55585,4.16E+10,1 MICHELIN Star
Pavillon,"Talstrasse 1, Zurich, 8001, Switzerland",Zurich,205,275,French,8.539533,47.36709,4.14E+10,2 MICHELIN Stars
Restaurant de l'HÃ´tel de Ville,"Rue d'Yverdon 1, Crissier, 1023, Switzerland",Crissier,215,390,French,6.57669,46.55399,4.12E+10,3 MICHELIN Stars
Cheval Blanc by Peter Knogl,"Blumenrain 8, Basel, 4001, Switzerland",Basel,195,270,French,7.587571,47.56043,4.16E+10,3 MICHELIN Stars
Les Ateliers Brasserie,"Rue des Deux Gares 6a, Vevey, 1800, Switzerland",Vevey,39,104,French,6.842409,46.46409,4.12E+10,Bib Gourmand
BolÃ©ro V Bistro,"Chemin J-B Vandelle 8, Versoix, 1290, Switzerland",Versoix,60,90,French,6.16571,46.28051,4.12E+10,Bib Gourmand
A la Vieille Auberge,"Route Romaine 2, Valeyres-sous-Rances, 1358, Switzerland",Valeyres-sous-Rances,57,99,French,6.525866,46.7532,4.12E+10,Bib Gourmand
CafÃ© de Peney,"Route d'AÃ¯re-La-Ville 130, Satigny, 1242, Switzerland",Satigny,38,100,French,6.044468,46.20063,4.12E+10,Bib Gourmand
L'Etoile,"Chemin du Battoir 1, Noville, 1845, Switzerland",Noville,55,105,French,6.899839,46.38196,4.12E+10,Bib Gourmand
Bacchus Bistro & Genussmanufaktur,"Sempacherstrasse 1, Hildisrieden, 6024, Switzerland",Hildisrieden,55,125,French,8.228612,47.15081,4.14E+10,Bib Gourmand
CafÃ© cher-mignon,"Route de Tsanveulle 18, Crans-Montana, 3971, Switzerland",Crans-Montana,70,85,French,7.473915,46.2885,4.13E+10,Bib Gourmand
Le Vallon,"Route de Florissant 182, Conches, 1231, Switzerland",Conches,46,102,French,6.174792,46.18387,4.12E+10,Bib Gourmand
L'Ã‰corce,"Rue du CollÃ¨ge 8, Carouge, 1227, Switzerland",Carouge,34,81,French,6.140895,46.18335,4.12E+10,Bib Gourmand
Le Bistrot Le Lion d'Or,"Rue Ancienne 53, Carouge, 1227, Switzerland",Carouge,50,90,French,6.140339,46.18058,4.12E+10,Bib Gourmand
au violon,"im Lohnhof 4, Basel, 4051, Switzerland",Basel,33,98,French,7.588429,47.55483,4.16E+10,Bib Gourmand
Des Bains,"Route de Berne 1, Avenches, 1580, Switzerland",Avenches,36,130,French,7.04557,46.88368,4.13E+10,Bib Gourmand
CafÃ© du Levant,"Rue du Vieux Four 53, Aire-la-Ville, 1288, Switzerland",Aire-la-Ville,40,102,French,6.043185,46.19127,4.12E+10,Bib Gourmand
Adelboden,"Adelboden 3, Steinen, 6422, Switzerland",Steinen,148,195,French,8.62124,47.06118,4.14E+10,2 MICHELIN Stars
Widder Restaurant,"Rennweg 7, Zurich, 8001, Switzerland",Zurich,160,260,French,8.539923,47.37245,4.14E+10,2 MICHELIN Stars
Auberge de Vouvry,"Avenue du Valais 2, Vouvry, 1896, Switzerland",Vouvry,36,98,French,6.890873,46.33635,4.12E+10,Bib Gourmand
Domaine de ChÃ¢teauvieux,"Chemin de ChÃ¢teauvieux 16, Satigny, 1242, Switzerland",Satigny,98,320,French,6.03886,46.20157,4.12E+10,2 MICHELIN Stars
Maison Wenger,"Rue de la Gare 2, Le Noirmont, 2340, Switzerland",Le Noirmont,125,275,French,6.957232,47.22385,4.13E+10,2 MICHELIN Stars
GÃœTSCH by Markus Neff,"Gotthardstrasse 53, Andermatt, 6490, Switzerland",Andermatt,145,165,French,8.627526,46.65593,4.16E+10,1 MICHELIN Star
Taverne zum SchÃ¤fli,"Oberdorfstrasse 8, Wigoltingen, 8556, Switzerland",Wigoltingen,89,220,French,9.032582,47.59574,4.15E+10,2 MICHELIN Stars
Zur Gedult,"Metzgergasse 12, Burgdorf, 3400, Switzerland",Burgdorf,95,140,International,7.626633,47.05728,4.13E+10,1 MICHELIN Star
Taggenberg,"Taggenbergstrasse 79, Winterthur, 8408, Switzerland",Winterthur,49,110,International,8.684125,47.51997,4.15E+10,Bib Gourmand
Anker,"Dorf 10, Teufen, 9053, Switzerland",Teufen,70,110,International,9.387799,47.39028,4.17E+10,Bib Gourmand
OX'n,"Dorfstrasse 23A, Schenkon, 6214, Switzerland",Schenkon,32,106,International,8.138789,47.17212,4.14E+10,Bib Gourmand
Candela,"Sonnenstrasse 5, Sankt Gallen, 9000, Switzerland",Sankt Gallen,35,99,International,9.379691,47.42944,4.17E+10,Bib Gourmand
Netts SchÃ¼tzengarten,"Sankt Jakob Strasse 35, Sankt Gallen, 9004, Switzerland",Sankt Gallen,59,133,International,9.379009,47.42973,4.17E+10,Bib Gourmand
KÃ¤serei,"Rathausgasse 34, Murten, 3280, Switzerland",Murten,89,129,International,7.117568,46.92927,4.13E+10,Bib Gourmand
Victoria,"Bahnhofplatz 9, Meiringen, 3860, Switzerland",Meiringen,65,98,International,8.186821,46.72721,4.13E+10,Bib Gourmand
Centrale,"via Locarno 2, Losone, 6616, Switzerland",Losone,84,84,International,8.760506,46.16469,4.19E+10,Bib Gourmand
Eintracht,"Neue Strasse 6, Kestenholz, 4703, Switzerland",Kestenholz,49,106,International,7.753453,47.28149,4.16E+10,Bib Gourmand
Philipp Blaser,"Obere Bahnhofstrasse 10, Frutigen, 3714, Switzerland",Frutigen,28,85,International,7.647404,46.5888,4.13E+10,Bib Gourmand
PINOT,"Steigstrasse 12, FlÃ¤sch, 7306, Switzerland",FlÃ¤sch,45,111,International,9.514323,47.02418,4.18E+10,Bib Gourmand
La Pendule,"KirchbÃ¼hl 2, Burgdorf, 3400, Switzerland",Burgdorf,65,145,International,7.62684,47.05645,4.13E+10,Bib Gourmand
Albrun,"Binna 4, Binn, 3996, Switzerland",Binn,68,120,International,8.184774,46.36371,4.13E+10,Bib Gourmand
Beluga,"Vordere Vorstadt 17, Aarau, 5000, Switzerland",Aarau,69,135,International,8.045023,47.3909,4.16E+10,Bib Gourmand
Ornellaia,"St. Annagasse 2, Zurich, 8001, Switzerland",Zurich,64,190,Italian,8.537718,47.37238,4.14E+10,1 MICHELIN Star
Chesa StÃ¼va Colani,"Via Principela 20 A, Madulain, 7523, Switzerland",Madulain,120,180,Italian,9.937879,46.58608,4.18E+10,1 MICHELIN Star
Il Lago,"Quai des Bergues 33, Geneva, 1201, Switzerland",Geneva,78,169,Italian,6.146615,46.20686,4.12E+10,1 MICHELIN Star
Osteria TRE,"Kantonsstrasse 3, Bubendorf, 4416, Switzerland",Bubendorf,176,176,Italian,7.741582,47.45994,4.16E+10,1 MICHELIN Star
Da Vittorio,"Via Johannes Badrutt 11, Saint Moritz, 7500, Switzerland",Saint Moritz,250,450,Italian,9.846805,46.49988,4.18E+10,2 MICHELIN Stars
Taverna Rosa,"Dorfstrasse 42, RÃ¼schlikon, 8803, Switzerland",RÃ¼schlikon,29,102,Italian,8.55537,47.30893,4.14E+10,Bib Gourmand
La Grappe d'Or,"Cheneau de Bourg 3, Lausanne, 1000, Switzerland",Lausanne,62,90,Italian,6.636395,46.52077,4.12E+10,Bib Gourmand
Puccini CafÃ©,"Rue de la Mairie 4, Geneva, 1207, Switzerland",Geneva,25,82,Italian,6.15801,46.20297,4.12E+10,Bib Gourmand
Il ristorantino Sonne,"Hauptstrasse 47, Gachnang, 8546, Switzerland",Gachnang,56,79,Italian,8.843763,47.54667,4.15E+10,Bib Gourmand
Locanda Orelli,"Centro paese, Bedretto, 6781, Switzerland",Bedretto,48,98,Italian,8.512091,46.50605,4.19E+10,Bib Gourmand
Sushi Shin,"Zinnengasse 7, Zurich, 8000, Switzerland",Zurich,125,299,Japanese,8.541524,47.37054,4.14E+10,1 MICHELIN Star
The Japanese Restaurant,"Gotthardstrasse 4, Andermatt, 6490, Switzerland",Andermatt,160,220,Japanese,8.594728,46.63638,4.14E+10,1 MICHELIN Star
The Japanese by The Chedi,"Gotthardstrasse 4, Andermatt, 6490, Switzerland",Andermatt,95,140,Japanese,8.625546,46.65574,4.14E+10,1 MICHELIN Star
MyÃ² Sushi Bar,"AllÃ©e Ernestâ€“Ansermet 1, Lausanne, 1000, Switzerland",Lausanne,32,115,Japanese,6.627319,46.51992,4.12E+10,Bib Gourmand
Edo,"Route Sierre-Montana 43, Crans-Montana, 3975, Switzerland",Crans-Montana,55,65,Japanese,7.498263,46.31082,4.13E+10,Bib Gourmand
Zum Alten Stephan,"Friedhofplatz 10, Solothurn, 4500, Switzerland",Solothurn,65,96,Market Cuisine,7.535443,47.20724,4.13E+10,Bib Gourmand
Landhaus,"Appenzellerstrasse 73, Rheineck, 9424, Switzerland",Rheineck,93,93,Market Cuisine,9.581581,47.46209,4.17E+10,Bib Gourmand
BrÃ¼cke,"Hauptstrasse 2, NiedergÃ¶sgen, 5013, Switzerland",NiedergÃ¶sgen,74,105,Market Cuisine,7.997728,47.37282,4.16E+10,Bib Gourmand
LÃ¶wen - Gaststube,"Wolfhauserstrasse 2, Bubikon, 8608, Switzerland",Bubikon,38,98,Market Cuisine,8.818702,47.26845,4.16E+10,Bib Gourmand
KettenbrÃ¼cke,"Zollrain 16, Aarau, 5000, Switzerland",Aarau,50,110,Market Cuisine,8.042945,47.39432,4.16E+10,Bib Gourmand
Rigiblick - Bistro,"Germaniastrasse 99, Zurich, 8044, Switzerland",Zurich,85,85,Market Cuisine,8.55334,47.38821,4.14E+10,Bib Gourmand
Landgasthof Ochsen,"Dorfplatz 56, WÃ¶lflinswil, 5063, Switzerland",WÃ¶lflinswil,52,130,Market Cuisine,7.998031,47.4612,4.16E+10,Bib Gourmand
AuGust,"Rennweg 7, Zurich, 8001, Switzerland",Zurich,89,102,Meats and Grills,8.540096,47.37236,4.14E+10,Bib Gourmand
Chez Philippe,"Rue du RhÃ´ne 8, Geneva, 1204, Switzerland",Geneva,39,161,Meats and Grills,6.144669,46.20422,4.12E+10,Bib Gourmand
Talvo by Dalsass,"Via Gunels 15, Saint Moritz, 7512, Switzerland",Saint Moritz,82,215,Mediterranean,9.811448,46.47831,4.18E+10,1 MICHELIN Star
SchlÃ¼ssel,"Hauptstrasse 41, Oberwil, 4104, Switzerland",Oberwil,95,160,Mediterranean,7.556021,47.51403,4.16E+10,1 MICHELIN Star
Principe Leopoldo,"via Montalbano 5, Lugano, 6900, Switzerland",Lugano,68,144,Mediterranean,8.939713,45.99284,4.19E+10,1 MICHELIN Star
I Due Sud,"riva Antonio Caccia 7, Lugano, 6900, Switzerland",Lugano,80,198,Mediterranean,8.94595,45.99434,4.19E+10,1 MICHELIN Star
META,"Riva Paradiso 2, Lugano, 6900, Switzerland",Lugano,110,122,Mediterranean,8.946328,45.99273,4.19E+10,1 MICHELIN Star
LÃ¶wen - Apriori,"Wolfhauserstrasse 2, Bubikon, 8608, Switzerland",Bubikon,62,198,Mediterranean,8.818755,47.26845,4.16E+10,1 MICHELIN Star
Locanda Orico,"via Orico 13, Bellinzona, 6500, Switzerland",Bellinzona,50,135,Mediterranean,9.019009,46.1921,4.19E+10,1 MICHELIN Star
Locanda Barbarossa,"via Muraccio 142, Ascona, 6612, Switzerland",Ascona,168,210,Mediterranean,8.793289,46.15204,4.19E+10,1 MICHELIN Star
La Brezza,"via Albarelle 16, Ascona, 6612, Switzerland",Ascona,135,180,Mediterranean,8.773082,46.15062,4.19E+10,1 MICHELIN Star
CÃ  d'Oro,"Via Mezdi 27, Saint Moritz, 7500, Switzerland",Saint Moritz,160,287,Mediterranean,9.833657,46.48256,4.18E+10,2 MICHELIN Stars
T3e Terre,"via Vecchia Stazione 2, Ponte Brolla, 6652, Switzerland",Ponte Brolla,102,102,Mediterranean,8.753654,46.18713,4.19E+10,Bib Gourmand
Oliv,"Bachlettenstrasse 1, Basel, 4054, Switzerland",Basel,33,125,Mediterranean,7.581186,47.55039,4.16E+10,Bib Gourmand
Grotto della Salute,"Via Madonna della Salute 10, Massagno, 6900, Switzerland",Massagno,85,85,Mediterranean,8.943635,46.01124,4.19E+10,Bib Gourmand
La RÃ´tisserie,"Weinplatz 2, Zurich, 8001, Switzerland",Zurich,125,160,Modern Cuisine,8.541814,47.37131,4.14E+10,1 MICHELIN Star
1904 Designed by Lagonda,"LÃ¶wenstrasse 42, Zurich, 8001, Switzerland",Zurich,175,250,Modern Cuisine,8.536872,47.37542,4.17E+10,1 MICHELIN Star
EquiTable,"Stauffacherstrasse 163, Zurich, 8004, Switzerland",Zurich,105,180,Modern Cuisine,8.521234,47.37785,4.14E+10,1 MICHELIN Star
Neue Taverne,"Glockengasse 8, Zurich, 8001, Switzerland",Zurich,76,130,Modern Cuisine,8.540317,47.37211,4.14E+10,1 MICHELIN Star
IGNIV ZÃ¼rich by Andreas Caminada,"Marktgasse 17, Zurich, 8001, Switzerland",Zurich,76,248,Modern Cuisine,8.543731,47.37195,4.14E+10,1 MICHELIN Star
PRISMA AT FOCUS,"Seestrasse 18, Vitznau, 6354, Switzerland",Vitznau,115,175,Modern Cuisine,8.47837,47.01499,4.14E+10,1 MICHELIN Star
Auberge de la Croix Blanche,"Route de Donatyre 22, Villarepos, 1583, Switzerland",Villarepos,95,135,Modern Cuisine,7.069102,46.88315,4.13E+10,1 MICHELIN Star
Torkel,"Hintergass 9, Vaduz, 9490, Switzerland",Vaduz,84,138,Modern Cuisine,9.519663,47.14412,4.23E+09,1 MICHELIN Star
dasRestaurant,"Seestrasse 47, Thun, 3600, Switzerland",Thun,105,145,Modern Cuisine,7.634247,46.74469,4.13E+10,1 MICHELIN Star
UniQuisine Atelier,"Stanserstrasse 23, Stansstad, 6362, Switzerland",Stansstad,150,180,Modern Cuisine,8.341932,46.97578,4.14E+10,1 MICHELIN Star
JÃ¤gerhof,"BrÃ¼hlbleichestrasse 11, Sankt Gallen, 9000, Switzerland",Sankt Gallen,70,170,Modern Cuisine,9.383395,47.43079,4.17E+10,1 MICHELIN Star
La Miranda Gourmet StÃ¼bli,"Dorfstrasse 30, Samnaun, 7563, Switzerland",Samnaun,115,155,Modern Cuisine,10.36009,46.94362,4.18E+10,1 MICHELIN Star
Galleria ArtÃ© al Lago,"piazza Emilio Bossi 7, Lugano, 6906, Switzerland",Lugano,115,135,Modern Cuisine,8.970295,46.00505,4.19E+10,1 MICHELIN Star
Seerestaurant BelvÃ©dÃ¨re,"Seestrasse 18a, Hergiswil, 6052, Switzerland",Hergiswil,98,189,Modern Cuisine,8.31177,46.98333,4.14E+10,1 MICHELIN Star
Sommet,"Alpinastrasse 23, Gstaad, 3780, Switzerland",Gstaad,140,204,Modern Cuisine,7.289043,46.47608,4.13E+10,1 MICHELIN Star
L'OURS,"Route du Pas de l'Ours 41, Crans Montana, 3963, Switzerland",Crans Montana,155,205,Modern Cuisine,7.459867,46.3076,4.13E+10,1 MICHELIN Star
Le Flacon,"Rue Vautier 45, Carouge, 1227, Switzerland",Carouge,55,125,Modern Cuisine,6.141784,46.18341,4.12E+10,1 MICHELIN Star
Le CafÃ© Suisse,"Rue Centrale 41, Bex, 1880, Switzerland",Bex,115,170,Modern Cuisine,7.015543,46.25033,4.12E+10,1 MICHELIN Star
roots,"MÃ¼hlhauserstrasse 17, Basel, 4056, Switzerland",Basel,59,189,Modern Cuisine,7.582931,47.57006,4.16E+10,1 MICHELIN Star
D'Chuchi,"Brunnengasse 3, Schaffhausen, 8200, Switzerland",Schaffhausen,65,95,Modern Cuisine,8.637877,47.6961,4.15E+10,Bib Gourmand
Schlossgarten,"Dorfstrasse 3, SchÃ¶ftland, 5040, Switzerland",SchÃ¶ftland,74,105,Modern Cuisine,8.050808,47.30407,4.16E+10,Bib Gourmand
La ParenthÃ¨se,"Rue de l'HÃ´tel-de-Ville 114, La Chaux-de-Fonds, 2300, Switzerland",La Chaux-de-Fonds,74,110,Modern Cuisine,6.84209,47.09447,4.13E+10,Bib Gourmand
Restaurant du Quai,"Le Quai 10, Hermance, 1248, Switzerland",Hermance,55,87,Modern Cuisine,6.241837,46.30233,4.12E+10,Bib Gourmand
Le Bologne,"Rue Necker 9, Geneva, 1201, Switzerland",Geneva,38,90,Modern Cuisine,6.14077,46.20759,4.12E+10,Bib Gourmand
La Fleur de Sel by Carlo Crisci,"Rue du Temple 10, Cossonay, 1304, Switzerland",Cossonay,58,118,Modern Cuisine,6.508637,46.61416,4.12E+10,Bib Gourmand
Collonge CafÃ©,"Chemin du ChÃ¢teau-de-Bellerive 3, Collonge-Bellerive, 1245, Switzerland",Collonge-Bellerive,68,107,Modern Cuisine,6.20396,46.25419,4.12E+10,Bib Gourmand
Roter BÃ¤ren,"Ochsengasse 17, Basel, 4058, Switzerland",Basel,68,124,Modern Cuisine,7.591576,47.56168,4.16E+10,Bib Gourmand
Alpenblick - Stuba,"Dorfstrasse 9, Adelboden, 3715, Switzerland",Adelboden,93,135,Modern Cuisine,7.560829,46.49367,4.13E+10,1 MICHELIN Star
Verve by Sven,"Bernhard-Simon-Strasse 2, Bad Ragaz, 7310, Switzerland",Bad Ragaz,65,140,Modern Cuisine,9.503745,47.00046,4.18E+10,1 MICHELIN Star
Sens,"Seestrasse 80, Vitznau, 6354, Switzerland",Vitznau,145,195,Modern Cuisine,8.482686,47.00802,4.14E+10,2 MICHELIN Stars
RICO'S,"Seestrasse 160, KÃ¼snacht, 8700, Switzerland",KÃ¼snacht,66,260,Modern Cuisine,8.580067,47.31556,4.14E+10,2 MICHELIN Stars
Magdalena,"Rickenbachstrasse 127, Schwyz, 6417, Switzerland",Schwyz,165,185,Modern Cuisine,8.66598,47.01692,4.14E+10,2 MICHELIN Stars
Guarda Val,"Voa Sporz 85, Lenzerheide, 7078, Switzerland",Lenzerheide,115,185,Regional Cuisine,9.540389,46.71159,4.18E+10,1 MICHELIN Star
Osteria Fagetti,"Via San Luzi 1, San Vittore, 6534, Switzerland",San Vittore,78,78,Regional Cuisine,9.105142,46.23888,4.19E+10,Bib Gourmand
Valrose,"Place de la Gare, Rougemont, 1659, Switzerland",Rougemont,32,120,Regional Cuisine,7.208258,46.48862,4.13E+10,Bib Gourmand
Chesa,"Promenada 18, Flims, 7018, Switzerland",Flims,95,100,Regional Cuisine,9.286024,46.82954,4.18E+10,Bib Gourmand
Les Curiades,"Vieux-Lully 10, Bernex, 1233, Switzerland",Bernex,38,89,Regional Cuisine,6.072308,46.16351,4.12E+10,Bib Gourmand
Aerodromo da Nani,"via Aerodromo 3, Ascona, 6612, Switzerland",Ascona,48,96,Regional Cuisine,8.782415,46.15965,4.19E+10,Bib Gourmand
Muntanella,"Innere Poststrasse 269, Arosa, 7050, Switzerland",Arosa,96,96,Regional Cuisine,9.664691,46.77467,4.18E+10,Bib Gourmand
Belfort,"Voia Principala 20, Alvaneu, 7492, Switzerland",Alvaneu,78,93,Regional Cuisine,9.644088,46.67809,4.18E+10,Bib Gourmand
Du Cerf - Brasserie,"Rue du CollÃ¨ge 4, Sonceboz, 2605, Switzerland",Sonceboz,21,90,Regional Cuisine,7.178426,47.19627,4.13E+10,Bib Gourmand
BÃ¤ren,"Dorfplatz 4, Schwarzenburg, 3150, Switzerland",Schwarzenburg,24,119,Regional Cuisine,7.341321,46.81765,4.13E+10,Bib Gourmand
Le Cigalon,"Route d'Ambilly 39, ThÃ´nex, 1226, Switzerland",ThÃ´nex,56,165,Seafood,6.220902,46.19912,4.12E+10,1 MICHELIN Star
Brasserie du Poisson,"Rue des Epancheurs 1, Auvernier, 2012, Switzerland",Auvernier,125,125,Seafood,6.878735,46.97539,4.13E+10,Bib Gourmand
Ustria Posta Veglia,"Via Principala 35, Schluein, 7151, Switzerland",Schluein,68,119,Seasonal Cuisine,9.22574,46.78824,4.18E+10,Bib Gourmand
Landgasthof BÃ¤ren,"KirchgÃ¤ssli 1, Madiswil, 4934, Switzerland",Madiswil,55,120,Seasonal Cuisine,7.796443,47.16746,4.16E+10,Bib Gourmand
Blume,"Freudwilerstrasse 6, Uster, 8615, Switzerland",Uster,45,86,Swiss,8.732469,47.3744,4.14E+10,Bib Gourmand
Gasthof zur Sonne,"Seestrasse 37, StÃ¤fa, 8712, Switzerland",StÃ¤fa,51,107,Swiss,8.718014,47.23939,4.14E+10,Bib Gourmand
Pensiun Aldier,"Plaz 154, Sent, 7554, Switzerland",Sent,73,91,Swiss,10.33762,46.81693,4.18E+10,Bib Gourmand
Bistrot by Regina Montium,"StaffelhÃ¶henweg 61, Rigi Kaltbad, 6356, Switzerland",Rigi Kaltbad,30,87,Swiss,8.464079,47.04836,4.14E+10,Bib Gourmand
Basilicum,"Margrethenstrasse 1, Bottmingen, 4103, Switzerland",Bottmingen,34,80,Swiss,7.573664,47.52665,4.16E+10,Bib Gourmand
SÃ¼der,"Weissensteinstrasse 61, Berne, 3007, Switzerland",Berne,69,93,Swiss,7.42822,46.93856,4.13E+10,Bib Gourmand
Meiers come inn,"Kaffeestrasse 6c, BÃ¼lach, 8180, Switzerland",BÃ¼lach,29,79,Thai,8.536827,47.51307,4.14E+10,Bib Gourmand
Auberge de la Croix dÂ´Or - Bistro,"Grande-Rue 18, Yens, 1169, Switzerland",Yens,86,86,Traditional Cuisine,6.416268,46.51845,4.12E+10,Bib Gourmand
BÃ¤ren,"Hauptstrasse 18, Utzenstorf, 3427, Switzerland",Utzenstorf,50,123,Traditional Cuisine,7.557588,47.1291,4.13E+10,Bib Gourmand
UrnÃ¤scher Kreuz,"Unterdorfstrasse 1, UrnÃ¤sch, 9107, Switzerland",UrnÃ¤sch,71,112,Traditional Cuisine,9.281961,47.3159,4.17E+10,Bib Gourmand
Panorama - Bistro,"Hartlisbergstrasse 39, Steffisburg, 3612, Switzerland",Steffisburg,63,103,Traditional Cuisine,7.620873,46.78724,4.13E+10,Bib Gourmand
Gasthof Adler,"Stadtstrasse 22, Sempach, 6204, Switzerland",Sempach,52,88,Traditional Cuisine,8.191301,47.13622,4.14E+10,Bib Gourmand
Alpenblick,"Melchtalerstrasse 40, Sankt Niklausen, 6066, Switzerland",Sankt Niklausen,74,108,Traditional Cuisine,8.280574,46.87427,4.14E+10,Bib Gourmand
Attisholz - Gaststube,"Attisholzstrasse 3, Riedholz, 4533, Switzerland",Riedholz,32,145,Traditional Cuisine,7.575163,47.22833,4.13E+10,Bib Gourmand
BÃ¤ren,"Dorfstrasse 21, Reichenbach, 3713, Switzerland",Reichenbach,84,118,Traditional Cuisine,7.694156,46.62556,4.13E+10,Bib Gourmand
ChÃ¢teau de Pleujouse,"Le ChÃ¢teau 18, Pleujouse, 2953, Switzerland",Pleujouse,52,95,Traditional Cuisine,7.211692,47.41165,4.13E+10,Bib Gourmand
Les Fourneaux du ManÃ¨ge,"Chemin Gustave Rochette 5, Onex, 1213, Switzerland",Onex,84,84,Traditional Cuisine,6.10182,46.18324,4.12E+10,Bib Gourmand
Balm - Bistro,"Balmstrasse 3, Meggen, 6045, Switzerland",Meggen,77,116,Traditional Cuisine,8.368138,47.04455,4.14E+10,Bib Gourmand
Braui,"Brauiplatz 5, Hochdorf, 6280, Switzerland",Hochdorf,89,89,Traditional Cuisine,8.29018,47.16687,4.14E+10,Bib Gourmand
Chappeli,"Allerheiligenstrasse 218, Grenchen, 2540, Switzerland",Grenchen,75,106,Traditional Cuisine,7.36834,47.19554,4.13E+10,Bib Gourmand
ZÃ¼ttel,"Hauptstrasse 30, Gerolfingen, 2575, Switzerland",Gerolfingen,99,99,Traditional Cuisine,7.201259,47.07502,4.13E+10,Bib Gourmand
ChrÃ¼ter GÃ¤nterli,"Hauptstrasse 111, Escholzmatt, 6182, Switzerland",Escholzmatt,59,69,Traditional Cuisine,7.933992,46.91363,4.14E+10,Bib Gourmand
Zum Pflugstein,"Pflugsteinstrasse 71, Erlenbach, 8703, Switzerland",Erlenbach,45,109,Traditional Cuisine,8.608859,47.29698,4.14E+10,Bib Gourmand
Sonne,"Dorf 2, Ebersecken, 6245, Switzerland",Ebersecken,48,89,Traditional Cuisine,7.931358,47.1831,4.16E+10,Bib Gourmand
Gasthaus Schupfen,"Steinerstrasse 501, Diessenhofen, 8253, Switzerland",Diessenhofen,90,90,Traditional Cuisine,8.785283,47.67525,4.15E+10,Bib Gourmand
Nest- und Bietschhorn,"Ried 24, Blatten im LÃ¶tschental, 3919, Switzerland",Blatten im LÃ¶tschental,68,93,Traditional Cuisine,7.80783,46.41438,4.13E+10,Bib Gourmand
Krone - Landgasthof,"Kantonsstrasse, Blatten bei Malters, 6102, Switzerland",Blatten bei Malters,65,99,Traditional Cuisine,8.225651,47.04036,4.14E+10,Bib Gourmand
PfÃ¤ndler's Gasthof zum BÃ¤ren,"Kirchstrasse 7, Birmenstorf, 5413, Switzerland",Birmenstorf,37,99,Traditional Cuisine,8.247674,47.46117,4.16E+10,Bib Gourmand
Tosca,"Rue de la Mairie 8, Geneva, 1207, Switzerland",Geneva,69,200,Tuscan,6.158218,46.20275,4.12E+10,1 MICHELIN Star
MarktkÃ¼che,"Feldstrasse 98, Zurich, 8004, Switzerland",Zurich,64,139,Vegan,8.523334,47.37872,4.14E+10,Bib Gourmand
KLE,"Zweierstrasse 114, Zurich, 8000, Switzerland",Zurich,74,96,Vegan,8.520966,47.3715,4.14E+10,Bib Gourmand
